{
  "manifold": "m006",
  "timestamp": "2026-03-23T22:15:38.616383",
  "params": {
    "name": "m006",
    "max_length": 12.0,
    "mn_max": 6,
    "max_prims": 5000,
    "r_points": 300,
    "r_max": 6.0
  },
  "eigenvalues": [
    {
      "k": 1,
      "r": 1.0670191690806519,
      "lambda": 2.138529907185565,
      "logZ_min": -3.899936442082442,
      "lattice": {
        "q": 6,
        "residual": 0.0795925912998916,
        "predicted": 2.0581710272714924,
        "pct_err": 3.757669212109818
      }
    },
    {
      "k": 2,
      "r": 1.8565363269422015,
      "lambda": 4.446727133256041,
      "logZ_min": 0.158138704462374,
      "lattice": {
        "q": 12,
        "residual": 0.10085553222971866,
        "predicted": 4.23606797749979,
        "pct_err": 4.737397853373556
      }
    },
    {
      "k": 3,
      "r": 2.6107783173926884,
      "lambda": 7.816163422567797,
      "logZ_min": 1.1303604420751394,
      "lattice": {
        "q": 17,
        "residual": 0.022949491606498285,
        "predicted": 7.730319981500394,
        "pct_err": 1.0982810418158064
      }
    }
  ]
}