{
  "timestamp": "2026-03-23T21:47:43.080457",
  "params": {
    "name": "m003",
    "max_length": 12.0,
    "mn_max": 6,
    "max_prims": 5000,
    "r_points": 300,
    "r_max": 6.0
  },
  "r_vals": [
    0.5,
    0.5183946488294314,
    0.5367892976588629,
    0.5551839464882943,
    0.5735785953177257,
    0.5919732441471572,
    0.6103678929765887,
    0.6287625418060201,
    0.6471571906354515,
    0.6655518394648829,
    0.6839464882943144,
    0.7023411371237458,
    0.7207357859531773,
    0.7391304347826086,
    0.7575250836120402,
    0.7759197324414716,
    0.794314381270903,
    0.8127090301003345,
    0.8311036789297659,
    0.8494983277591974,
    0.8678929765886287,
    0.8862876254180603,
    0.9046822742474917,
    0.9230769230769231,
    0.9414715719063546,
    0.959866220735786,
    0.9782608695652174,
    0.9966555183946488,
    1.0150501672240804,
    1.0334448160535117,
    1.0518394648829432,
    1.0702341137123748,
    1.088628762541806,
    1.1070234113712374,
    1.125418060200669,
    1.1438127090301005,
    1.1622073578595318,
    1.1806020066889633,
    1.1989966555183948,
    1.2173913043478262,
    1.2357859531772575,
    1.254180602006689,
    1.2725752508361206,
    1.2909698996655519,
    1.3093645484949834,
    1.327759197324415,
    1.3461538461538463,
    1.3645484949832776,
    1.382943143812709,
    1.4013377926421406,
    1.419732441471572,
    1.4381270903010033,
    1.4565217391304348,
    1.4749163879598663,
    1.4933110367892977,
    1.5117056856187292,
    1.5301003344481607,
    1.548494983277592,
    1.5668896321070236,
    1.585284280936455,
    1.6036789297658864,
    1.6220735785953178,
    1.6404682274247493,
    1.6588628762541806,
    1.6772575250836121,
    1.6956521739130437,
    1.714046822742475,
    1.7324414715719065,
    1.7508361204013378,
    1.7692307692307694,
    1.7876254180602007,
    1.8060200668896322,
    1.8244147157190636,
    1.842809364548495,
    1.8612040133779266,
    1.879598662207358,
    1.8979933110367895,
    1.9163879598662208,
    1.9347826086956523,
    1.9531772575250836,
    1.9715719063545152,
    1.9899665551839467,
    2.008361204013378,
    2.0267558528428093,
    2.045150501672241,
    2.0635451505016724,
    2.0819397993311037,
    2.1003344481605355,
    2.118729096989967,
    2.137123745819398,
    2.15551839464883,
    2.1739130434782608,
    2.1923076923076925,
    2.210702341137124,
    2.229096989966555,
    2.247491638795987,
    2.265886287625418,
    2.2842809364548495,
    2.3026755852842813,
    2.3210702341137126,
    2.339464882943144,
    2.3578595317725757,
    2.3762541806020065,
    2.3946488294314383,
    2.4130434782608696,
    2.431438127090301,
    2.4498327759197327,
    2.468227424749164,
    2.4866220735785953,
    2.505016722408027,
    2.5234113712374584,
    2.5418060200668897,
    2.5602006688963215,
    2.578595317725753,
    2.596989966555184,
    2.6153846153846154,
    2.633779264214047,
    2.6521739130434785,
    2.67056856187291,
    2.688963210702341,
    2.707357859531773,
    2.725752508361204,
    2.7441471571906355,
    2.7625418060200673,
    2.7809364548494986,
    2.79933110367893,
    2.817725752508361,
    2.836120401337793,
    2.8545150501672243,
    2.8729096989966556,
    2.8913043478260874,
    2.9096989966555187,
    2.92809364548495,
    2.9464882943143813,
    2.964882943143813,
    2.9832775919732444,
    3.0016722408026757,
    3.0200668896321075,
    3.0384615384615388,
    3.05685618729097,
    3.0752508361204014,
    3.093645484949833,
    3.1120401337792645,
    3.130434782608696,
    3.148829431438127,
    3.167224080267559,
    3.18561872909699,
    3.2040133779264215,
    3.2224080267558532,
    3.2408026755852846,
    3.259197324414716,
    3.277591973244147,
    3.295986622073579,
    3.3143812709030103,
    3.3327759197324416,
    3.3511705685618733,
    3.3695652173913047,
    3.387959866220736,
    3.4063545150501673,
    3.424749163879599,
    3.4431438127090304,
    3.4615384615384617,
    3.4799331103678934,
    3.4983277591973247,
    3.516722408026756,
    3.5351170568561874,
    3.553511705685619,
    3.5719063545150505,
    3.5903010033444818,
    3.6086956521739135,
    3.627090301003345,
    3.645484949832776,
    3.6638795986622075,
    3.6822742474916392,
    3.7006688963210705,
    3.719063545150502,
    3.7374581939799336,
    3.755852842809365,
    3.7742474916387962,
    3.7926421404682276,
    3.8110367892976593,
    3.8294314381270906,
    3.847826086956522,
    3.8662207357859533,
    3.884615384615385,
    3.9030100334448163,
    3.9214046822742477,
    3.9397993311036794,
    3.9581939799331107,
    3.976588628762542,
    3.9949832775919734,
    4.013377926421406,
    4.031772575250836,
    4.050167224080267,
    4.068561872909699,
    4.086956521739131,
    4.105351170568563,
    4.1237458193979935,
    4.142140468227425,
    4.160535117056856,
    4.178929765886288,
    4.19732441471572,
    4.215719063545151,
    4.234113712374582,
    4.252508361204013,
    4.270903010033445,
    4.289297658862877,
    4.307692307692308,
    4.326086956521739,
    4.344481605351171,
    4.362876254180602,
    4.381270903010034,
    4.399665551839465,
    4.418060200668897,
    4.436454849498328,
    4.454849498327759,
    4.473244147157191,
    4.491638795986622,
    4.510033444816054,
    4.528428093645485,
    4.546822742474917,
    4.565217391304349,
    4.583612040133779,
    4.602006688963211,
    4.620401337792643,
    4.638795986622074,
    4.657190635451506,
    4.6755852842809364,
    4.693979933110368,
    4.7123745819398,
    4.730769230769231,
    4.749163879598663,
    4.767558528428094,
    4.785953177257525,
    4.804347826086957,
    4.822742474916389,
    4.84113712374582,
    4.859531772575251,
    4.877926421404682,
    4.896321070234114,
    4.914715719063546,
    4.933110367892977,
    4.951505016722408,
    4.96989966555184,
    4.988294314381271,
    5.006688963210703,
    5.0250836120401345,
    5.043478260869565,
    5.061872909698997,
    5.080267558528429,
    5.09866220735786,
    5.117056856187292,
    5.135451505016722,
    5.153846153846154,
    5.172240802675586,
    5.190635451505017,
    5.209030100334449,
    5.22742474916388,
    5.245819397993311,
    5.264214046822743,
    5.282608695652175,
    5.301003344481606,
    5.319397993311037,
    5.337792642140468,
    5.3561872909699,
    5.374581939799332,
    5.392976588628763,
    5.411371237458194,
    5.429765886287626,
    5.448160535117057,
    5.466555183946489,
    5.4849498327759205,
    5.503344481605351,
    5.521739130434783,
    5.540133779264215,
    5.558528428093646,
    5.5769230769230775,
    5.595317725752508,
    5.61371237458194,
    5.632107023411372,
    5.650501672240803,
    5.668896321070235,
    5.687290969899666,
    5.705685618729097,
    5.724080267558529,
    5.742474916387961,
    5.760869565217392,
    5.779264214046823,
    5.797658862876254,
    5.816053511705686,
    5.834448160535118,
    5.852842809364549,
    5.87123745819398,
    5.889632107023412,
    5.908026755852843,
    5.926421404682275,
    5.9448160535117065,
    5.963210702341137,
    5.981605351170569,
    6.0
  ],